ID;0720=85_20:0=A88;><?0=8O;>@>4;8=_70@?;0B0;0:A_70@?;0B0;?KB_@01>BK;0B0_?C1;8:0F88;"@51C5<K5_=02K:8
183;Java Engineer;TechCorp;!0<0@0;143000;162000;4;07/01/2023;[Docker, C#, Java]
313;Backend Developer;WebStudio;!0=:B-5B5@1C@3;65000;266000;8;06/04/2023;[C#, SQL]
661;UI/UX Designer;CloudNine; >AB>2-=0->=C;74000;;7;11/05/2023;[Swift, Java, Node.js]
492;Java Engineer;MobileTech; >AB>2-=0->=C;122000;230000;5;16/05/2023;[C++, PHP, Swift, Python, Ruby]
26;Data Analyst;GameDev;<A:;131000;148000;5;20/09/2023;[R, React, Node.js]
548;Frontend Developer;ITSolutions;#D0;122000;382000;8;07/09/2023;[Git, Kubernetes]
657;Backend Developer;AIVentures; >AB>2-=0->=C;136000;;8;26/05/2023;[Java, Scala, JavaScript, PyTorch, R]
5;QA Engineer;AIVentures;>2>A818@A:;107000;345000;5;28/12/2023;[Java, PyTorch, R]
205;Machine Learning Engineer;GameDev;:0B5@8=1C@3;120000;133000;3;05/05/2023;[Node.js, Java]
598;QA Engineer;GameDev;#D0;143000;155000;0;21/07/2023;[PHP, TensorFlow, Python, Kubernetes]
501;Product Manager;TechCorp;<A:;138000;155000;2;11/05/2023;[Java, Kotlin]
122;Backend Developer;CloudNine; >AB>2-=0->=C;133000;147000;9;04/11/2023;[PHP, Java]
616;Backend Developer;ITSolutions;:0B5@8=1C@3;;256000;8;22/03/2023;[JavaScript, Git, Kubernetes, Java, PHP]
58;Java Engineer;MobileTech;>2>A818@A:;108000;118000;5;07/02/2023;[C#, Java, Kubernetes, JavaScript]
190;DevOps Engineer;WebStudio; >AB>2-=0->=C;109000;129000;2;05/10/2023;[React, Ruby, R, Node.js]
51;Frontend Developer;FinTech;!0=:B-5B5@1C@3;84000;257000;5;07/06/2023;[Go, Kubernetes]
10;Machine Learning Engineer;ITSolutions;86=89 >23>@>4;146000;159000;8;24/03/2023;[C++, C#, Java, JavaScript]
527;Machine Learning Engineer;DataMasters;!0<0@0;63000;328000;3;04/11/2023;[Node.js, React, PHP, Java, Swift]
298;Frontend Developer;ITSolutions;86=89 >23>@>4;77000;121000;4;18/02/2023;[Python, Scala, PyTorch, Swift, Go]
440;Java Engineer;TechCorp;070=L;145000;159000;4;29/11/2023;[Ruby, Docker, PyTorch, Git, Scala]
206;DevOps Engineer;GameDev;#D0;133000;150000;7;23/08/2023;[Java, Python, R, C++]
429;Data Analyst;CloudNine;<A:;105000;125000;2;30/03/2023;[PHP, Java, R]
181;Frontend Developer;AIVentures;#D0;120000;136000;2;29/08/2023;[Kubernetes, Node.js, C#, Ruby]
321;DevOps Engineer;GameDev;>A:20;107000;120000;3;08/05/2023;[React, Node.js, Ruby, Git, SQL]
576;Python Developer;FinTech;!0<0@0;140000;155000;2;15/09/2023;[React, PyTorch, R]
204;Data Analyst;MobileTech;#D0;141000;151000;4;28/07/2023;[Node.js, C++]
8;Python Developer;TechCorp;:0B5@8=1C@3;148000;160000;3;12/08/2023;[TensorFlow, SQL]
462;DevOps Engineer;MobileTech;!0<0@0;145000;353000;3;21/02/2023;[PyTorch, Node.js, Kotlin, C++]
363;UI/UX Designer;GameDev;<A:;94000;285000;1;20/05/2023;[React, C++]
118;Machine Learning Engineer;AIVentures;!0=:B-5B5@1C@3;141000;411000;4;21/10/2023;[SQL, Git, Ruby]
327;DevOps Engineer;GameDev; >AB>2-=0->=C;129000;148000;4;16/01/2023;[Swift, PyTorch, Node.js, Scala, C++]
270;Python Developer;ITSolutions;86=89 >23>@>4;160000;331000;5;14/03/2023;[Kotlin, Node.js, C++, SQL, JavaScript]
419;Frontend Developer;CloudNine; >AB>2-=0->=C;93000;212000;5;11/11/2023;[C++, R, Docker, JavaScript]
227;Product Manager;CloudNine;:0B5@8=1C@3;197000;472000;0;23/11/2023;[Scala, Kotlin, Git]
507;Java Engineer;WebStudio;070=L;127000;146000;5;08/03/2023;[Kubernetes, SQL, R]
553;Machine Learning Engineer;TechCorp;86=89 >23>@>4;124000;138000;7;12/05/2023;[Java, SQL, Scala]
675;Backend Developer;WebStudio; >AB>2-=0->=C;;496000;5;03/01/2023;[Python, TensorFlow, Ruby]
34;Machine Learning Engineer;MobileTech;>A:20;102000;118000;5;03/09/2023;[C++, Kotlin]
155;Product Manager;AIVentures;:0B5@8=1C@3;161000;226000;3;09/10/2023;[Go, R, React, PHP, Git]
166;Product Manager;CyberSec; >AB>2-=0->=C;125000;144000;3;11/04/2023;[SQL, TensorFlow, Scala, Kotlin]
427;Java Engineer;AIVentures;<A:;189000;401000;3;01/03/2023;[Ruby, TensorFlow, PHP]
579;UI/UX Designer;GameDev;#D0;115000;129000;8;12/11/2023;[SQL, Git, R]
200;Machine Learning Engineer;ITSolutions;<A:;124000;144000;2;16/01/2023;[Python, TensorFlow, Kubernetes, Scala]
320;QA Engineer;DataMasters;86=89 >23>@>4;149000;164000;3;31/01/2023;[Kubernetes, Python, Go, PHP, SQL]
225;Product Manager;GameDev;86=89 >23>@>4;90000;175000;6;18/05/2023;[Kotlin, Kubernetes, PyTorch, C#, TensorFlow]
9;Frontend Developer;GameDev;>A:20;101000;121000;2;30/05/2023;[Git, Kubernetes, Swift, C#]
346;Data Analyst;MobileTech;>A:20;125000;145000;5;31/07/2023;[Swift, PHP]
329;Product Manager;CyberSec;<A:;135000;152000;6;11/02/2023;[Kubernetes, Scala]
120;Java Engineer;DataMasters; >AB>2-=0->=C;177000;363000;7;03/11/2023;[Ruby, C++, Swift]
335;DevOps Engineer;CloudNine;:0B5@8=1C@3;90000;117000;4;13/09/2023;[Go, C++, PHP, TensorFlow, C#]
558;Python Developer;CyberSec;>2>A818@A:;144000;280000;6;27/11/2023;[JavaScript, Python, R]
470;Data Analyst;CyberSec;!0=:B-5B5@1C@3;127000;255000;2;16/01/2023;[Git, Go]
713;QA Engineer;ITSolutions; >AB>2-=0->=C;199000;;0;25/09/2023;[Kotlin, Go]
69;Product Manager;CloudNine;!0=:B-5B5@1C@3;92000;384000;5;13/03/2023;[PyTorch, TensorFlow, Git]
235;UI/UX Designer;DataMasters;<A:;107000;126000;3;10/05/2023;[React, Node.js, R, PyTorch, Kubernetes]
138;Data Analyst;DataMasters;!0<0@0;120000;133000;6;23/09/2023;[PyTorch, R, Git, Swift]
532;QA Engineer;CloudNine;:0B5@8=1C@3;170000;216000;1;25/05/2023;[C#, Java, PyTorch, Docker]
351;Backend Developer;WebStudio;:0B5@8=1C@3;141000;155000;9;18/07/2023;[Node.js, Docker, PHP]
106;Product Manager;GameDev;:0B5@8=1C@3;179000;374000;0;13/09/2023;[Kotlin, PHP, Swift]
199;Java Engineer;DataMasters;<A:;142000;421000;6;25/08/2023;[C#, Scala, React]
47;DevOps Engineer;GameDev;!0<0@0;84000;215000;3;06/11/2023;[Scala, Ruby, JavaScript]
127;Product Manager;CloudNine;!0<0@0;118000;131000;5;10/01/2023;[Docker, React, Git, R, Swift]
126;Python Developer;CloudNine;<A:;95000;255000;2;16/08/2023;[TensorFlow, Node.js, Go, Kotlin]
372;Machine Learning Engineer;CyberSec;#D0;154000;370000;1;24/10/2023;[Go, Kubernetes, Java]
541;DevOps Engineer;DataMasters;:0B5@8=1C@3;143000;250000;3;26/05/2023;[PHP, Ruby, C#, TensorFlow]
288;Java Engineer;FinTech;070=L;197000;297000;6;02/08/2023;[PHP, C++, Go]
497;DevOps Engineer;MobileTech;!0<0@0;111000;123000;6;16/01/2023;[React, R, PyTorch, SQL]
310;QA Engineer;TechCorp;:0B5@8=1C@3;121000;141000;5;13/07/2023;[Scala, Java, Docker, TensorFlow, PHP]
67;Java Engineer;CyberSec; >AB>2-=0->=C;107000;119000;6;17/02/2023;[PyTorch, C#, React, Python, Kotlin]
696;QA Engineer;CyberSec;:0B5@8=1C@3;;123000;4;08/06/2023;[C#, Docker, PHP, React]
483;Frontend Developer;FinTech;86=89 >23>@>4;104000;124000;5;02/10/2023;[Java, Go, Kotlin, Ruby]
14;Python Developer;MobileTech;:0B5@8=1C@3;180000;288000;3;13/06/2023;[Python, TensorFlow, Go, Kubernetes, SQL]
518;Product Manager;GameDev;!0=:B-5B5@1C@3;120000;141000;4;20/07/2023;[Kubernetes, Ruby, Docker, JavaScript, PyTorch]
791;Backend Developer;GameDev;>A:20;135000;;9;25/04/2023;[Kubernetes, Docker, Python]
162;Data Analyst;AIVentures;>A:20;95000;277000;2;31/01/2023;[Ruby, Node.js, Java, Docker]
633;Frontend Developer;MobileTech;#D0;;208000;0;28/02/2023;[Docker, Kubernetes]
97;DevOps Engineer;ITSolutions;#D0;129000;147000;6;19/04/2023;[Python, Kotlin, PHP, TensorFlow]
499;Backend Developer;DataMasters;<A:;63000;257000;4;20/07/2023;[Java, R, Scala, React, Ruby]
16;Data Analyst;DataMasters;<A:;98000;293000;2;17/03/2023;[JavaScript, Java]
660;Product Manager;CyberSec;!0<0@0;171000;;3;16/11/2023;[Kotlin, Python, PyTorch]
239;Frontend Developer;GameDev;>A:20;143000;154000;0;05/11/2023;[Kubernetes, TensorFlow, PHP, R]
243;Java Engineer;GameDev;<A:;124000;135000;4;07/09/2023;[C++, R, PyTorch]
100;Machine Learning Engineer;DataMasters;>A:20;194000;475000;1;07/08/2023;[JavaScript, C#]
417;UI/UX Designer;CyberSec;>A:20;101000;124000;5;19/03/2023;[SQL, JavaScript, R, Kubernetes]
318;Product Manager;ITSolutions;!0=:B-5B5@1C@3;109000;128000;5;02/07/2023;[Scala, PHP, PyTorch, Go, TensorFlow]
599;Frontend Developer;TechCorp;>A:20;120000;131000;1;12/11/2023;[Kubernetes, Python, PyTorch]
536;Frontend Developer;FinTech;>2>A818@A:;146000;165000;4;28/12/2023;[R, Kubernetes, Java]
529;Frontend Developer;GameDev;>A:20;147000;217000;6;26/11/2023;[Ruby, C#, R, Kotlin]
473;QA Engineer;CyberSec;<A:;106000;124000;2;10/02/2023;[React, PyTorch, C#, PHP]
676;Frontend Developer;ITSolutions;#D0;;177000;0;22/08/2023;[PyTorch, JavaScript, C#, Docker]
59;Java Engineer;DataMasters;>A:20;102000;119000;3;23/12/2023;[Go, C#, Java]
195;Data Analyst;WebStudio;<A:;110000;130000;3;30/04/2023;[Swift, React, Node.js]
93;Java Engineer;MobileTech;#D0;103000;263000;4;19/04/2023;[Java, Python]
517;DevOps Engineer;CyberSec;>A:20;194000;376000;7;27/07/2023;[PHP, C++, Scala, Kubernetes]
132;Data Analyst;FinTech;070=L;133000;147000;7;17/07/2023;[C++, Java, C#, PHP]
569;Python Developer;CyberSec;<A:;128000;145000;9;24/06/2023;[C++, PyTorch, Ruby, SQL, Kotlin]
170;Product Manager;MobileTech;!0<0@0;199000;331000;2;10/10/2023;[JavaScript, React]
252;Java Engineer;WebStudio;>2>A818@A:;78000;90000;1;28/09/2023;[Kubernetes, Docker, React, Git]
465;DevOps Engineer;CloudNine;86=89 >23>@>4;55000;343000;1;30/04/2023;[Ruby, PHP, Python]
546;QA Engineer;TechCorp;070=L;122000;133000;5;27/05/2023;[Swift, Scala]
353;DevOps Engineer;TechCorp;070=L;101000;119000;0;18/01/2023;[Go, Python, Ruby, PHP]
201;UI/UX Designer;WebStudio;<A:;141000;151000;4;12/07/2023;[TensorFlow, Go, Kotlin, C#, PHP]
246;Frontend Developer;GameDev;>A:20;147000;166000;3;27/09/2023;[Git, Node.js, PyTorch, React]
481;Java Engineer;TechCorp;>2>A818@A:;131000;364000;5;10/01/2023;[TensorFlow, R, Docker, PHP, Git]
359;QA Engineer;TechCorp;>2>A818@A:;127000;138000;4;14/02/2023;[React, SQL]
442;QA Engineer;CyberSec;!0<0@0;71000;302000;9;12/05/2023;[Java, PHP, Docker, Git]
578;UI/UX Designer;MobileTech;!0<0@0;136000;206000;6;24/12/2023;[Node.js, Python, Docker, JavaScript]
233;Machine Learning Engineer;FinTech;<A:;122000;141000;4;15/03/2023;[C#, React, Ruby]
555;Product Manager;AIVentures;>A:20;127000;279000;1;19/11/2023;[React, Go, SQL]
217;Data Analyst;FinTech;!0=:B-5B5@1C@3;192000;214000;4;22/01/2023;[SQL, Scala]
42;DevOps Engineer;WebStudio;<A:;179000;414000;3;28/09/2023;[Node.js, Scala]
559;UI/UX Designer;AIVentures;>2>A818@A:;110000;147000;3;31/03/2023;[PHP, Go, R]
759;Frontend Developer;WebStudio;#D0;;314000;5;14/11/2023;[Swift, Java]
167;Data Analyst;TechCorp;>A:20;135000;364000;5;10/02/2023;[Java, R, PyTorch]
197;UI/UX Designer;GameDev;<A:;51000;184000;5;24/10/2023;[C++, Java]
458;QA Engineer;ITSolutions;!0<0@0;95000;208000;6;25/07/2023;[TensorFlow, Swift, Kubernetes]
172;Python Developer;DataMasters;>2>A818@A:;123000;281000;4;04/02/2023;[Kubernetes, PHP, Ruby, Docker]
249;Python Developer;WebStudio;<A:;118000;295000;4;17/12/2023;[Git, SQL, Python, Ruby, Node.js]
82;Java Engineer;FinTech;!0=:B-5B5@1C@3;77000;237000;8;30/11/2023;[Swift, PyTorch]
71;Java Engineer;CloudNine;>2>A818@A:;132000;147000;2;18/02/2023;[Kubernetes, Swift, R]
276;UI/UX Designer;FinTech; >AB>2-=0->=C;145000;165000;5;30/08/2023;[Git, Java, SQL, Scala, PHP]
721;Frontend Developer;GameDev; >AB>2-=0->=C;;244000;0;22/05/2023;[PHP, Node.js, SQL, Python, JavaScript]
129;Product Manager;WebStudio;#D0;140000;158000;4;14/06/2023;[TensorFlow, PHP, C++, SQL]
43;Product Manager;FinTech;>A:20;117000;128000;7;02/09/2023;[Java, Git, Docker]
439;Backend Developer;CloudNine;>A:20;118000;132000;4;10/06/2023;[Swift, R, PyTorch]
545;QA Engineer;FinTech;#D0;131000;145000;3;11/05/2023;[R, C#]
452;DevOps Engineer;GameDev;!0=:B-5B5@1C@3;100000;350000;6;31/08/2023;[SQL, R]
367;Data Analyst;FinTech;86=89 >23>@>4;129000;143000;5;11/10/2023;[Ruby, Kotlin, Go, Java, Git]
174;QA Engineer;ITSolutions;<A:;166000;317000;2;30/06/2023;[C++, React, Ruby, Python]
564;Java Engineer;WebStudio;!0=:B-5B5@1C@3;150000;167000;1;27/07/2023;[Git, C#, Swift]
515;DevOps Engineer;CyberSec;#D0;68000;360000;3;01/01/2023;[SQL, Kotlin, Git, Java]
446;Machine Learning Engineer;CloudNine;>A:20;159000;414000;5;27/11/2023;[Go, Swift]
189;QA Engineer;AIVentures;86=89 >23>@>4;66000;207000;1;25/05/2023;[Kubernetes, Swift, Java]
463;Product Manager;CyberSec;:0B5@8=1C@3;54000;88000;5;05/09/2023;[SQL, C++, Java, PHP, Kubernetes]
163;Product Manager;CyberSec;!0<0@0;121000;138000;2;23/04/2023;[Kubernetes, Kotlin, JavaScript]
224;Python Developer;DataMasters;#D0;129000;146000;9;05/11/2023;[Kotlin, Kubernetes]
137;Python Developer;TechCorp;#D0;158000;230000;2;12/10/2023;[C#, TensorFlow, Ruby, Swift]
202;UI/UX Designer;CyberSec; >AB>2-=0->=C;50000;159000;6;31/05/2023;[PyTorch, Swift, Java]
381;Data Analyst;GameDev; >AB>2-=0->=C;102000;183000;5;28/01/2023;[PyTorch, Docker, Kubernetes, React]
256;QA Engineer;AIVentures;070=L;103000;119000;4;01/08/2023;[TensorFlow, React, C#]
57;UI/UX Designer;CloudNine;!0<0@0;114000;124000;0;08/05/2023;[C++, Kotlin, Kubernetes]
478;Machine Learning Engineer;WebStudio;!0<0@0;120000;132000;3;23/02/2023;[Scala, R, Docker]
649;Python Developer;DataMasters;!0<0@0;;344000;1;08/06/2023;[Git, C++]
79;UI/UX Designer;CyberSec;>A:20;134000;147000;2;21/12/2023;[PHP, Swift, PyTorch, JavaScript]
421;Machine Learning Engineer;CyberSec;:0B5@8=1C@3;136000;149000;4;20/09/2023;[C++, JavaScript, PHP]
567;DevOps Engineer;DataMasters;#D0;108000;251000;5;02/10/2023;[Ruby, Go, React, C++, PyTorch]
519;Java Engineer;CyberSec;:0B5@8=1C@3;112000;123000;2;20/09/2023;[JavaScript, Docker, Node.js, React, C#]
331;Machine Learning Engineer;DataMasters;>A:20;126000;142000;1;19/02/2023;[Scala, PyTorch, Node.js, PHP]
121;Data Analyst;WebStudio; >AB>2-=0->=C;118000;130000;0;23/03/2023;[Swift, PyTorch, JavaScript, C++]
528;Machine Learning Engineer;MobileTech;!0=:B-5B5@1C@3;175000;231000;9;04/01/2023;[PHP, Python, PyTorch, JavaScript]
1;Data Analyst;ITSolutions;>A:20;182000;408000;5;15/11/2023;[Kubernetes, R, C#]
131;Frontend Developer;MobileTech;>2>A818@A:;163000;270000;5;31/07/2023;[Swift, PyTorch, Docker, R]
266;Python Developer;CloudNine;#D0;190000;439000;4;06/03/2023;[Ruby, Go, C#, Python]
179;Java Engineer;GameDev; >AB>2-=0->=C;117000;210000;3;26/11/2023;[React, Ruby, Kubernetes, Docker]
259;UI/UX Designer;DataMasters;<A:;128000;147000;5;26/06/2023;[React, Docker]
368;DevOps Engineer;CyberSec;<A:;64000;222000;6;28/10/2023;[Java, R, Git]
385;Data Analyst;WebStudio;070=L;139000;403000;2;14/09/2023;[PyTorch, Python, Scala, Node.js, Kubernetes]
98;Product Manager;ITSolutions;#D0;114000;129000;5;15/09/2023;[C++, Node.js, Scala]
91;UI/UX Designer;DataMasters;>A:20;181000;356000;3;19/06/2023;[Kubernetes, PyTorch, Node.js]
630;UI/UX Designer;TechCorp;>A:20;90000;;0;21/06/2023;[C++, Python, Java]
556;Java Engineer;TechCorp;86=89 >23>@>4;104000;116000;2;16/08/2023;[Python, Git, C#]
390;UI/UX Designer;TechCorp; >AB>2-=0->=C;97000;202000;3;04/06/2023;[Go, Java, Git, TensorFlow, PHP]
35;QA Engineer;CloudNine;86=89 >23>@>4;131000;143000;8;20/12/2023;[Kotlin, Python, Swift, Kubernetes]
573;Python Developer;ITSolutions;!0<0@0;93000;393000;4;09/07/2023;[Node.js, C++, PHP, SQL, Kotlin]
415;DevOps Engineer;GameDev;#D0;147000;163000;2;21/04/2023;[Node.js, Python, Java, Ruby]
193;QA Engineer;AIVentures;!0=:B-5B5@1C@3;142000;370000;2;29/03/2023;[Kubernetes, Docker]
312;Backend Developer;AIVentures;86=89 >23>@>4;123000;136000;2;25/03/2023;[C++, Node.js]
409;DevOps Engineer;FinTech;<A:;132000;312000;5;08/12/2023;[C#, React, Python, Ruby, Kotlin]
144;Machine Learning Engineer;CloudNine;<A:;117000;129000;2;07/11/2023;[JavaScript, Kotlin, React, Go]
338;Java Engineer;FinTech; >AB>2-=0->=C;111000;131000;2;12/12/2023;[React, R]
89;Machine Learning Engineer;CyberSec;86=89 >23>@>4;136000;152000;2;03/08/2023;[Go, Kotlin, Node.js]
505;Backend Developer;ITSolutions;:0B5@8=1C@3;101000;121000;2;17/10/2023;[Ruby, Docker]
281;QA Engineer;ITSolutions;!0=:B-5B5@1C@3;122000;136000;6;02/02/2023;[Ruby, PyTorch, Java, Python, JavaScript]
103;Backend Developer;GameDev;86=89 >23>@>4;103000;118000;5;01/05/2023;[Scala, PyTorch, JavaScript]
479;QA Engineer;AIVentures;>A:20;114000;396000;4;10/09/2023;[Python, PHP, Java]
603;UI/UX Designer;CyberSec;!0<0@0;141000;;5;16/02/2023;[PyTorch, React]
520;UI/UX Designer;GameDev;>A:20;167000;340000;5;07/03/2023;[Java, C#, JavaScript, Kotlin]
63;Frontend Developer;GameDev;86=89 >23>@>4;137000;152000;2;28/09/2023;[JavaScript, Node.js, Kubernetes]
581;DevOps Engineer;MobileTech;#D0;126000;200000;6;23/01/2023;[JavaScript, Git, C#, SQL, Scala]
223;QA Engineer;AIVentures;070=L;110000;129000;5;31/08/2023;[R, JavaScript, Go, Scala]
136;Python Developer;AIVentures;!0<0@0;116000;414000;0;18/12/2023;[Kubernetes, TensorFlow, C++]
278;Java Engineer;AIVentures;>2>A818@A:;118000;133000;2;24/11/2023;[PyTorch, Go, C#]
374;Data Analyst;CyberSec;:0B5@8=1C@3;137000;147000;2;06/03/2023;[C++, JavaScript, Java, Node.js]
315;Data Analyst;GameDev;!0=:B-5B5@1C@3;97000;172000;3;23/09/2023;[TensorFlow, Go, Kotlin, SQL, Docker]
45;Backend Developer;WebStudio;:0B5@8=1C@3;126000;136000;4;04/01/2023;[Kubernetes, Kotlin, Git, C++]
323;Backend Developer;GameDev;#D0;65000;144000;5;20/05/2023;[Docker, C++, Git, Ruby]
218;Data Analyst;ITSolutions; >AB>2-=0->=C;111000;125000;7;10/06/2023;[Swift, React]
268;DevOps Engineer;FinTech;!0=:B-5B5@1C@3;114000;133000;5;19/12/2023;[Git, Swift, JavaScript, Java, Go]
194;Python Developer;ITSolutions;86=89 >23>@>4;106000;116000;2;07/12/2023;[Ruby, Kubernetes, Node.js, C++, Java]
153;Frontend Developer;MobileTech;>2>A818@A:;180000;450000;5;12/05/2023;[Node.js, C#, Java]
22;Machine Learning Engineer;DataMasters;<A:;150000;170000;0;15/07/2023;[PHP, Ruby, JavaScript, SQL]
247;Machine Learning Engineer;GameDev;86=89 >23>@>4;131000;385000;6;12/05/2023;[Ruby, Docker, Git, JavaScript, Kubernetes]
3;Product Manager;ITSolutions;#D0;101000;118000;2;15/12/2023;[Docker, JavaScript, Go]
502;Machine Learning Engineer;GameDev;<A:;115000;412000;5;17/02/2023;[PyTorch, Docker, Java, SQL]
237;QA Engineer;WebStudio;>2>A818@A:;147000;162000;5;25/10/2023;[Git, Node.js, Java, C#]
474;DevOps Engineer;WebStudio;#D0;135000;152000;6;21/05/2023;[SQL, R]
169;Backend Developer;AIVentures;!0<0@0;196000;428000;4;20/06/2023;[SQL, C#, Node.js, Kotlin]
220;QA Engineer;DataMasters;>2>A818@A:;143000;163000;5;11/11/2023;[Python, C#, R]
156;Java Engineer;GameDev;<A:;100000;114000;5;07/04/2023;[Node.js, Swift]
388;DevOps Engineer;AIVentures; >AB>2-=0->=C;164000;429000;6;01/10/2023;[Kotlin, JavaScript, C#, Python, PyTorch]
6;QA Engineer;AIVentures;>A:20;133000;144000;1;22/10/2023;[Java, Git]
425;Python Developer;CyberSec;:0B5@8=1C@3;129000;261000;3;23/11/2023;[PHP, React, TensorFlow, JavaScript]
293;Machine Learning Engineer;GameDev;!0=:B-5B5@1C@3;150000;164000;4;12/09/2023;[R, Java, PHP]
53;Frontend Developer;CyberSec;#D0;74000;355000;5;16/07/2023;[Kotlin, TensorFlow, C++, Scala]
450;UI/UX Designer;ITSolutions;>A:20;67000;121000;4;17/04/2023;[PyTorch, Docker, TensorFlow, JavaScript]
77;Product Manager;FinTech;070=L;112000;141000;4;14/10/2023;[R, Go, PHP]
587;DevOps Engineer;WebStudio;:0B5@8=1C@3;125000;139000;0;26/08/2023;[Node.js, C++]
480;UI/UX Designer;CloudNine;#D0;113000;133000;3;31/08/2023;[Kotlin, Java, R, C++, Go]
99;Java Engineer;AIVentures;!0<0@0;63000;207000;5;03/06/2023;[Docker, Node.js, C#, React, Python]
383;Python Developer;GameDev;>2>A818@A:;61000;307000;4;04/06/2023;[C++, React, Node.js, Swift]
336;Java Engineer;CloudNine; >AB>2-=0->=C;124000;143000;7;11/01/2023;[Java, Swift, Go]
29;DevOps Engineer;WebStudio;!0=:B-5B5@1C@3;138000;151000;7;03/02/2023;[SQL, Git, R]
702;Data Analyst;MobileTech; >AB>2-=0->=C;;438000;9;08/04/2023;[Python, JavaScript, Git, PyTorch, C#]
524;Java Engineer;DataMasters;#D0;56000;167000;4;06/03/2023;[Node.js, Kotlin, React, Go, Python]
354;Python Developer;DataMasters;:0B5@8=1C@3;75000;102000;1;19/03/2023;[Docker, Node.js, Java]
147;Machine Learning Engineer;MobileTech;:0B5@8=1C@3;99000;123000;3;25/08/2023;[Docker, TensorFlow, PyTorch, Go, C#]
678;Python Developer;FinTech;!0<0@0;;349000;1;31/08/2023;[C++, SQL, Ruby, Git]
231;DevOps Engineer;MobileTech;>2>A818@A:;151000;291000;6;11/02/2023;[Go, Python]
398;Frontend Developer;MobileTech;86=89 >23>@>4;190000;406000;2;09/02/2023;[Swift, React, TensorFlow]
500;Python Developer;AIVentures;<A:;148000;160000;3;20/06/2023;[Scala, Node.js, Docker, PyTorch]
203;QA Engineer;CloudNine;>2>A818@A:;87000;167000;5;04/09/2023;[Ruby, Kotlin, Go]
341;Data Analyst;TechCorp;>2>A818@A:;127000;146000;8;25/09/2023;[Docker, SQL, R]
177;Backend Developer;FinTech;>2>A818@A:;127000;137000;7;20/05/2023;[Java, Kubernetes, JavaScript, Git, PHP]
413;Data Analyst;AIVentures;>A:20;145000;160000;5;26/05/2023;[Python, Node.js, TensorFlow, Scala]
73;Product Manager;ITSolutions;070=L;200000;362000;2;29/04/2023;[Kotlin, Scala, React, Kubernetes, C#]
17;UI/UX Designer;DataMasters;!0=:B-5B5@1C@3;150000;161000;2;25/06/2023;[JavaScript, TensorFlow, Ruby, C#]
135;Python Developer;CyberSec;86=89 >23>@>4;140000;152000;3;26/09/2023;[Python, PyTorch, C++, R]
447;QA Engineer;AIVentures; >AB>2-=0->=C;149000;163000;2;16/12/2023;[Java, React, Git, Go, Kotlin]
498;QA Engineer;ITSolutions;!0=:B-5B5@1C@3;136000;147000;5;19/05/2023;[JavaScript, Swift, PHP, C#]
140;UI/UX Designer;TechCorp;>A:20;108000;127000;5;15/03/2023;[Docker, Python]
280;DevOps Engineer;DataMasters;!0=:B-5B5@1C@3;164000;332000;5;27/07/2023;[Node.js, Python, C++, PHP, Git]
60;Python Developer;AIVentures;<A:;128000;145000;9;22/06/2023;[Java, R, PHP, React]
185;Backend Developer;AIVentures;>2>A818@A:;68000;109000;3;04/01/2023;[Kubernetes, Kotlin]
164;QA Engineer;CloudNine;070=L;116000;136000;0;09/11/2023;[Kubernetes, PHP, Docker]
562;Machine Learning Engineer;TechCorp; >AB>2-=0->=C;140000;151000;0;26/04/2023;[Go, Scala, Docker]
747;QA Engineer;CyberSec;070=L;63000;;4;08/02/2023;[Ruby, Kotlin, Docker, SQL, Scala]
391;DevOps Engineer;AIVentures;86=89 >23>@>4;135000;150000;4;26/02/2023;[Kotlin, Ruby, Go, C#]
586;Machine Learning Engineer;DataMasters;86=89 >23>@>4;126000;138000;6;21/03/2023;[TensorFlow, Go]
151;UI/UX Designer;WebStudio;070=L;120000;219000;2;04/01/2023;[Scala, Git, TensorFlow, Node.js, Swift]
486;UI/UX Designer;GameDev;>2>A818@A:;123000;137000;5;24/12/2023;[JavaScript, Docker, Kubernetes, Git]
81;Product Manager;DataMasters;>A:20;108000;128000;3;11/03/2023;[JavaScript, TensorFlow, Java, Python, Git]
424;Java Engineer;AIVentures;!0=:B-5B5@1C@3;61000;87000;4;02/07/2023;[SQL, React, R, PHP, JavaScript]
343;Java Engineer;DataMasters;>A:20;137000;394000;5;08/09/2023;[JavaScript, C++, React]
414;Machine Learning Engineer;FinTech;!0=:B-5B5@1C@3;130000;140000;5;17/12/2023;[React, Scala, C#]
161;Machine Learning Engineer;AIVentures;!0<0@0;113000;285000;5;17/09/2023;[Ruby, TensorFlow, JavaScript, R, C++]
523;Python Developer;AIVentures;070=L;111000;131000;2;21/06/2023;[Java, C++]
597;DevOps Engineer;DataMasters;86=89 >23>@>4;65000;266000;9;17/06/2023;[C#, SQL]
416;Frontend Developer;AIVentures;070=L;126000;146000;4;27/01/2023;[Ruby, Kotlin]
27;Data Analyst;DataMasters; >AB>2-=0->=C;140000;154000;5;25/05/2023;[Go, C++, Ruby, SQL]
554;Frontend Developer;TechCorp;!0<0@0;132000;151000;5;20/03/2023;[R, SQL, JavaScript, PHP, Ruby]
711;UI/UX Designer;AIVentures;:0B5@8=1C@3;134000;;3;30/11/2023;[Kotlin, Python, R, Java]
70;Data Analyst;CyberSec;#D0;83000;130000;3;03/03/2023;[R, JavaScript, Kubernetes, SQL]
422;QA Engineer;ITSolutions;<A:;112000;372000;0;11/12/2023;[Git, Docker, R]
271;Java Engineer;MobileTech; >AB>2-=0->=C;117000;329000;4;13/12/2023;[Python, C#, Java, Ruby, Kubernetes]
307;Machine Learning Engineer;AIVentures;<A:;175000;227000;9;19/06/2023;[R, C#, TensorFlow, Kubernetes, Node.js]
402;Python Developer;CloudNine;>A:20;73000;135000;5;17/04/2023;[Git, Node.js]
477;UI/UX Designer;AIVentures;>2>A818@A:;109000;123000;2;06/04/2023;[Python, PyTorch, C#, Kotlin]
511;Backend Developer;CyberSec; >AB>2-=0->=C;101000;390000;9;27/03/2023;[Kubernetes, C++, Kotlin, TensorFlow, Swift]
433;Backend Developer;CyberSec;86=89 >23>@>4;51000;154000;5;16/06/2023;[Swift, SQL]
350;Backend Developer;MobileTech;>A:20;122000;140000;2;22/06/2023;[SQL, JavaScript, Git, Node.js]
39;Java Engineer;WebStudio;070=L;127000;180000;3;09/03/2023;[React, R, Swift, Go, Docker]
358;Machine Learning Engineer;TechCorp;:0B5@8=1C@3;76000;362000;9;18/06/2023;[SQL, Kotlin, R, Kubernetes, Scala]
294;Product Manager;DataMasters;:0B5@8=1C@3;193000;214000;5;27/08/2023;[C#, Docker, TensorFlow, PHP]
125;Machine Learning Engineer;MobileTech;>2>A818@A:;149000;191000;5;06/10/2023;[Git, C++, Go, Swift, Kubernetes]
488;Java Engineer;WebStudio;<A:;104000;124000;8;05/05/2023;[Git, C++, Ruby, Python, Java]
111;Product Manager;MobileTech;>2>A818@A:;106000;383000;3;25/05/2023;[Java, Ruby]
693;DevOps Engineer;DataMasters;:0B5@8=1C@3;;434000;3;24/07/2023;[Git, PHP, SQL, Python]
352;Product Manager;MobileTech;070=L;124000;141000;6;14/05/2023;[Node.js, PHP]
285;DevOps Engineer;TechCorp;!0<0@0;168000;430000;7;26/08/2023;[JavaScript, Docker]
476;Backend Developer;AIVentures;#D0;197000;415000;0;11/09/2023;[C#, JavaScript, Python]
764;Java Engineer;GameDev;!0=:B-5B5@1C@3;99000;;1;11/02/2023;[Ruby, Scala, Git, SQL, Swift]
347;DevOps Engineer;GameDev;#D0;63000;340000;8;29/03/2023;[Git, TensorFlow, Ruby, Java]
291;Backend Developer;TechCorp;<A:;106000;123000;5;01/01/2023;[Kotlin, R]
408;Product Manager;WebStudio;#D0;122000;132000;0;12/07/2023;[TensorFlow, Java, Go]
114;Python Developer;TechCorp;86=89 >23>@>4;139000;273000;9;22/09/2023;[Kotlin, C#, Ruby, Node.js]
568;Product Manager;WebStudio;86=89 >23>@>4;129000;145000;0;20/01/2023;[JavaScript, R, Python, Docker]
212;Product Manager;CloudNine;:0B5@8=1C@3;137000;152000;9;25/09/2023;[Git, Swift, Docker]
430;Product Manager;MobileTech;#D0;64000;165000;5;16/10/2023;[Python, Git, Node.js]
319;DevOps Engineer;DataMasters; >AB>2-=0->=C;74000;316000;4;19/10/2023;[R, PyTorch, Git]
148;UI/UX Designer;FinTech;>2>A818@A:;144000;160000;6;04/10/2023;[SQL, Git]
377;Product Manager;AIVentures;!0=:B-5B5@1C@3;55000;284000;5;07/10/2023;[Go, JavaScript, Java, Node.js, SQL]
600;Product Manager;WebStudio;>2>A818@A:;148000;160000;1;27/06/2023;[Kubernetes, Git, Swift, Python]
221;Data Analyst;FinTech;>A:20;136000;432000;4;08/05/2023;[TensorFlow, Java, Node.js, C++]
362;Data Analyst;GameDev;#D0;130000;147000;2;17/10/2023;[SQL, PHP, JavaScript, Git]
712;Machine Learning Engineer;CloudNine;:0B5@8=1C@3;;156000;6;31/08/2023;[Go, Docker, Git, PyTorch]
418;Product Manager;CyberSec;#D0;143000;154000;4;06/06/2023;[PHP, JavaScript, C#]
697;Python Developer;WebStudio;#D0;96000;;4;26/10/2023;[C#, Kubernetes]
322;Frontend Developer;WebStudio;070=L;149000;164000;2;07/03/2023;[Python, Scala]
345;DevOps Engineer;MobileTech;<A:;114000;134000;5;20/03/2023;[Scala, Ruby, Swift, React]
371;Backend Developer;TechCorp;#D0;107000;262000;2;16/06/2023;[React, Git]
494;Java Engineer;DataMasters;>2>A818@A:;153000;356000;3;19/11/2023;[SQL, JavaScript, Ruby, Swift, C++]
572;UI/UX Designer;AIVentures; >AB>2-=0->=C;148000;158000;5;04/05/2023;[R, Node.js, PyTorch, TensorFlow, C++]
180;Machine Learning Engineer;WebStudio;!0=:B-5B5@1C@3;143000;158000;4;24/11/2023;[React, Git, C#, PHP]
87;DevOps Engineer;FinTech;86=89 >23>@>4;83000;197000;5;14/08/2023;[React, Go, JavaScript, Kubernetes]
258;UI/UX Designer;AIVentures; >AB>2-=0->=C;102000;121000;3;04/05/2023;[React, C++]
330;Data Analyst;MobileTech;86=89 >23>@>4;143000;154000;3;26/02/2023;[Kubernetes, Git, SQL, Swift]
434;Java Engineer;AIVentures;:0B5@8=1C@3;87000;221000;9;01/07/2023;[Docker, SQL, PyTorch]
255;Python Developer;AIVentures;>A:20;122000;273000;1;02/06/2023;[Go, Kubernetes, Node.js, Ruby]
36;Data Analyst;ITSolutions;070=L;126000;140000;4;05/01/2023;[Node.js, Scala]
525;Product Manager;MobileTech;!0=:B-5B5@1C@3;130000;142000;0;04/10/2023;[React, Ruby, Git, C++, PHP]
369;Python Developer;ITSolutions;#D0;114000;178000;9;03/03/2023;[JavaScript, Go]
406;Data Analyst;GameDev; >AB>2-=0->=C;127000;208000;5;13/07/2023;[Ruby, JavaScript]
62;Frontend Developer;AIVentures;>A:20;133000;319000;5;09/08/2023;[Swift, Java, Go]
382;Data Analyst;ITSolutions;>A:20;125000;158000;5;24/05/2023;[JavaScript, C#]
538;UI/UX Designer;CyberSec;#D0;193000;316000;2;19/04/2023;[C#, Python, Kubernetes, Node.js, SQL]
563;Frontend Developer;GameDev; >AB>2-=0->=C;128000;148000;1;18/11/2023;[React, PHP, Scala, Ruby, Node.js]
469;QA Engineer;ITSolutions;86=89 >23>@>4;126000;245000;2;12/04/2023;[C#, Git, Docker]
591;UI/UX Designer;GameDev;#D0;74000;124000;0;21/02/2023;[TensorFlow, C#, PyTorch]
394;Backend Developer;DataMasters;070=L;174000;468000;1;29/05/2023;[Kubernetes, Node.js, Docker, SQL]
283;Machine Learning Engineer;TechCorp;<A:;113000;123000;4;30/06/2023;[Kotlin, C++, Node.js, Ruby, SQL]
688;Backend Developer;FinTech;070=L;;195000;7;01/03/2023;[Node.js, Kotlin, Go, Java, PyTorch]
68;Data Analyst;WebStudio;#D0;74000;122000;9;05/05/2023;[Docker, C++, Go, SQL, Scala]
80;Product Manager;TechCorp;070=L;65000;320000;2;22/09/2023;[Docker, PHP, C++]
571;DevOps Engineer;AIVentures;>2>A818@A:;138000;402000;5;13/11/2023;[PyTorch, R, Kotlin, React]
585;Frontend Developer;CyberSec;>A:20;159000;252000;9;21/07/2023;[Swift, Docker]
707;Python Developer;TechCorp;:0B5@8=1C@3;65000;;6;10/08/2023;[React, Swift, Docker]
309;DevOps Engineer;ITSolutions;#D0;108000;122000;2;19/06/2023;[C#, PHP, Python, Docker]
64;UI/UX Designer;DataMasters;:0B5@8=1C@3;143000;160000;3;11/10/2023;[Python, JavaScript]
460;Product Manager;WebStudio;86=89 >23>@>4;108000;244000;5;02/07/2023;[Kubernetes, C++, PHP, Scala, Swift]
21;QA Engineer;GameDev;>A:20;99000;208000;5;16/10/2023;[Scala, Python, JavaScript, Swift]
396;Product Manager;AIVentures;86=89 >23>@>4;60000;213000;0;17/11/2023;[C++, SQL, Scala, JavaScript]
90;QA Engineer;CyberSec;!0<0@0;103000;113000;1;16/02/2023;[R, Kubernetes, PyTorch]
342;Product Manager;WebStudio; >AB>2-=0->=C;110000;129000;3;09/09/2023;[R, Python, Kubernetes, Go]
491;Data Analyst;CyberSec;!0<0@0;88000;356000;8;29/10/2023;[Scala, Node.js, Kotlin]
76;Product Manager;TechCorp;:0B5@8=1C@3;157000;258000;8;06/04/2023;[Scala, Node.js, Ruby]
286;Product Manager;DataMasters;!0<0@0;122000;139000;4;31/10/2023;[PyTorch, Swift, Git, Ruby]
592;Java Engineer;ITSolutions;86=89 >23>@>4;109000;405000;9;30/05/2023;[Docker, Git, Go]
401;Java Engineer;CloudNine;070=L;98000;246000;5;06/01/2023;[C#, JavaScript, Ruby, Go]
386;UI/UX Designer;ITSolutions;86=89 >23>@>4;83000;287000;3;14/09/2023;[Docker, Java, PyTorch, Ruby, Kotlin]
109;UI/UX Designer;FinTech;>2>A818@A:;147000;164000;5;10/07/2023;[React, Java, Python, R]
279;Frontend Developer;WebStudio;86=89 >23>@>4;186000;406000;1;22/05/2023;[Kotlin, Python, SQL, Scala, PHP]
261;Machine Learning Engineer;MobileTech;86=89 >23>@>4;180000;442000;5;26/10/2023;[SQL, TensorFlow]
210;Data Analyst;CloudNine;<A:;93000;186000;7;02/02/2023;[PHP, Swift, Python, C#]
484;Python Developer;FinTech;<A:;200000;434000;4;03/11/2023;[SQL, Python, PHP]
443;Python Developer;WebStudio;#D0;143000;190000;0;28/02/2023;[PHP, Go]
348;UI/UX Designer;MobileTech;:0B5@8=1C@3;135000;369000;5;11/07/2023;[Kotlin, R, Docker, Kubernetes, Python]
387;DevOps Engineer;ITSolutions; >AB>2-=0->=C;136000;156000;4;14/07/2023;[Node.js, Python, Swift, Docker, SQL]
397;Backend Developer;MobileTech;#D0;148000;248000;5;05/06/2023;[C#, TensorFlow, Node.js, React, Kubernetes]
110;QA Engineer;DataMasters;!0<0@0;118000;132000;3;04/11/2023;[Kotlin, TensorFlow, C++, Scala, Java]
222;Frontend Developer;FinTech;<A:;126000;144000;6;12/08/2023;[SQL, React, Java]
33;Frontend Developer;CyberSec;#D0;141000;333000;5;24/01/2023;[Docker, PyTorch, Kotlin, Swift]
300;Machine Learning Engineer;MobileTech;:0B5@8=1C@3;123000;133000;4;11/12/2023;[Swift, Kubernetes, Scala]
219;UI/UX Designer;CyberSec;>A:20;158000;366000;1;02/10/2023;[C#, React, PHP]
232;Data Analyst;FinTech; >AB>2-=0->=C;196000;284000;5;04/05/2023;[PHP, PyTorch, Kubernetes, Python]
593;Backend Developer;DataMasters;<A:;105000;121000;6;28/07/2023;[Docker, Java, Swift, React, Python]
95;Frontend Developer;WebStudio;!0=:B-5B5@1C@3;136000;153000;5;24/04/2023;[R, SQL, TensorFlow]
596;UI/UX Designer;FinTech;>A:20;129000;230000;8;17/09/2023;[TensorFlow, SQL]
311;UI/UX Designer;MobileTech;<A:;159000;248000;2;12/07/2023;[PyTorch, TensorFlow]
655;Python Developer;AIVentures;:0B5@8=1C@3;;149000;3;08/11/2023;[R, PHP, Go]
392;Python Developer;WebStudio;<A:;136000;391000;5;11/12/2023;[Docker, PHP]
773;QA Engineer;MobileTech;!0=:B-5B5@1C@3;162000;;6;10/09/2023;[SQL, Docker, Git, Kubernetes]
143;UI/UX Designer;CyberSec; >AB>2-=0->=C;125000;281000;4;20/10/2023;[Python, Java, Node.js]
157;Java Engineer;CyberSec; >AB>2-=0->=C;166000;207000;2;20/02/2023;[Git, R]
393;Machine Learning Engineer;AIVentures;>A:20;132000;151000;7;23/09/2023;[SQL, React, Kotlin, Node.js]
464;QA Engineer;TechCorp;<A:;62000;197000;2;02/01/2023;[Swift, Python, Go]
544;Backend Developer;DataMasters; >AB>2-=0->=C;56000;205000;2;13/07/2023;[Kotlin, Git, PHP]
535;Frontend Developer;CyberSec;<A:;113000;124000;5;14/02/2023;[Java, Swift, Kubernetes, Docker, Go]
742;Backend Developer;DataMasters;#D0;175000;;0;01/09/2023;[Kotlin, TensorFlow, R, Go]
444;UI/UX Designer;CloudNine;#D0;123000;137000;3;03/04/2023;[R, C++, Docker, JavaScript, Kotlin]
489;Java Engineer;DataMasters;>2>A818@A:;134000;150000;5;15/04/2023;[Kotlin, TensorFlow, PHP]
780;Machine Learning Engineer;ITSolutions;>A:20;165000;;3;03/05/2023;[C++, Scala, Swift, TensorFlow]
308;Product Manager;AIVentures;!0=:B-5B5@1C@3;168000;187000;3;29/12/2023;[R, Node.js, Kubernetes, JavaScript]
46;Java Engineer;TechCorp;>A:20;181000;429000;7;17/12/2023;[Swift, Node.js]
2;DevOps Engineer;GameDev;070=L;191000;481000;4;20/04/2023;[JavaScript, Kubernetes, Node.js]
133;QA Engineer;WebStudio;<A:;152000;323000;2;14/04/2023;[C++, Python]
25;Machine Learning Engineer;AIVentures; >AB>2-=0->=C;142000;158000;3;07/05/2023;[Python, Docker, C#, Kotlin, Scala]
611;Data Analyst;DataMasters;!0=:B-5B5@1C@3;152000;;6;16/08/2023;[TensorFlow, Swift, Node.js]
254;Frontend Developer;CyberSec;!0<0@0;152000;447000;2;16/06/2023;[Swift, Git]
590;QA Engineer;WebStudio;<A:;149000;164000;0;30/12/2023;[PyTorch, Java, Node.js, Ruby]
526;Machine Learning Engineer;AIVentures;:0B5@8=1C@3;127000;371000;2;30/12/2023;[C#, Kotlin, R]
175;QA Engineer;MobileTech;>2>A818@A:;131000;149000;9;25/10/2023;[Kubernetes, TensorFlow, Python]
665;Frontend Developer;CyberSec;!0=:B-5B5@1C@3;191000;;2;27/10/2023;[Kubernetes, C#, Ruby, Docker]
451;QA Engineer;AIVentures;!0<0@0;100000;343000;2;27/01/2023;[Python, Java, C++, Scala, Swift]
574;Java Engineer;CloudNine;>A:20;122000;241000;4;12/01/2023;[Swift, PHP, R]
448;Backend Developer;CyberSec;>A:20;52000;281000;1;02/12/2023;[PyTorch, TensorFlow]
395;Java Engineer;FinTech;:0B5@8=1C@3;81000;121000;5;09/09/2023;[SQL, React, Kubernetes]
48;DevOps Engineer;FinTech;!0<0@0;132000;146000;8;06/01/2023;[Docker, Go, PHP]
467;QA Engineer;MobileTech;!0=:B-5B5@1C@3;134000;151000;3;01/05/2023;[TensorFlow, Node.js]
7;UI/UX Designer;ITSolutions;>A:20;113000;202000;2;15/12/2023;[Go, Git, Ruby]
435;UI/UX Designer;WebStudio;#D0;52000;188000;2;28/11/2023;[TensorFlow, Java, Ruby, Node.js]
384;Backend Developer;MobileTech;>A:20;197000;469000;8;10/02/2023;[Python, SQL, JavaScript, PHP, Kubernetes]
297;Python Developer;TechCorp;<A:;111000;122000;4;07/09/2023;[Python, Scala, R, Ruby]
588;Java Engineer;DataMasters;>2>A818@A:;107000;127000;6;17/04/2023;[JavaScript, R, C#, SQL]
324;DevOps Engineer;GameDev;86=89 >23>@>4;105000;120000;5;08/02/2023;[TensorFlow, C#]
496;Data Analyst;FinTech;>2>A818@A:;192000;240000;3;16/11/2023;[Docker, Java, Node.js]
503;DevOps Engineer;CyberSec;>2>A818@A:;93000;225000;4;25/11/2023;[JavaScript, PyTorch]
459;Frontend Developer;CloudNine;>A:20;175000;267000;5;17/06/2023;[PyTorch, Scala]
160;DevOps Engineer;FinTech;#D0;52000;174000;0;04/09/2023;[Node.js, Git]
299;Python Developer;FinTech;>2>A818@A:;129000;313000;5;19/04/2023;[Scala, R, Swift]
74;UI/UX Designer;WebStudio;!0<0@0;118000;137000;3;24/02/2023;[Git, Kubernetes, Swift, Go, Java]
543;Machine Learning Engineer;MobileTech;070=L;184000;392000;5;30/08/2023;[SQL, JavaScript]
178;Product Manager;CloudNine;86=89 >23>@>4;192000;289000;3;08/04/2023;[Swift, Python, React]
292;QA Engineer;CyberSec;86=89 >23>@>4;123000;138000;4;26/09/2023;[Docker, Python, Swift]
296;Python Developer;MobileTech;!0<0@0;148000;167000;2;14/12/2023;[R, Docker, Kotlin]
269;UI/UX Designer;DataMasters;!0<0@0;148000;168000;2;27/10/2023;[Swift, Kubernetes, PHP]
124;Frontend Developer;GameDev;>A:20;60000;141000;4;03/07/2023;[Git, JavaScript]
66;Data Analyst;DataMasters;070=L;105000;196000;6;07/03/2023;[PHP, Ruby, Kubernetes, Node.js]
113;Backend Developer;AIVentures;86=89 >23>@>4;126000;144000;5;10/07/2023;[Docker, Git, Java, Kubernetes, Node.js]
86;Backend Developer;ITSolutions;>A:20;112000;130000;5;12/04/2023;[Java, Go, Swift, Ruby]
306;Data Analyst;FinTech; >AB>2-=0->=C;128000;146000;4;05/05/2023;[Node.js, Docker, C#, Scala]
487;Product Manager;CyberSec;86=89 >23>@>4;113000;133000;4;25/09/2023;[Node.js, React]
726;DevOps Engineer;CyberSec; >AB>2-=0->=C;;438000;2;02/02/2023;[R, Git, React, Java, PHP]
378;Machine Learning Engineer;FinTech;>2>A818@A:;104000;164000;4;23/06/2023;[React, Go]
149;Backend Developer;MobileTech;!0<0@0;138000;194000;1;17/08/2023;[Go, Swift, Git]
12;Backend Developer;TechCorp;:0B5@8=1C@3;152000;321000;3;24/07/2023;[SQL, Kubernetes, Docker, Python, JavaScript]
485;Data Analyst;DataMasters;070=L;110000;125000;3;10/12/2023;[Kubernetes, Java, SQL]
55;Java Engineer;GameDev;070=L;127000;146000;5;07/07/2023;[R, PHP, Swift, TensorFlow, Kubernetes]
117;Python Developer;GameDev;!0=:B-5B5@1C@3;150000;169000;5;26/03/2023;[Java, Kotlin, Git, TensorFlow, SQL]
365;Backend Developer;GameDev;#D0;165000;397000;2;11/06/2023;[C#, Docker, TensorFlow, Kotlin, C++]
744;Product Manager;ITSolutions;<A:;101000;;3;23/12/2023;[Go, React, Node.js]
453;Frontend Developer;CloudNine;070=L;107000;231000;7;10/03/2023;[Kubernetes, C++, Kotlin]
24;Backend Developer;ITSolutions;>A:20;144000;161000;5;31/01/2023;[C#, C++, PHP]
672;Machine Learning Engineer;CloudNine;<A:;105000;;8;01/06/2023;[Go, React, Ruby, Python]
116;Backend Developer;MobileTech;!0<0@0;144000;161000;8;14/07/2023;[PyTorch, C++]
522;Product Manager;ITSolutions; >AB>2-=0->=C;107000;124000;9;28/09/2023;[Go, Docker, PHP]
531;Product Manager;DataMasters;070=L;81000;377000;5;07/09/2023;[Swift, R, Go]
11;Product Manager;TechCorp;86=89 >23>@>4;173000;308000;6;17/01/2023;[R, Scala, Node.js, Docker]
41;Frontend Developer;CloudNine;#D0;134000;198000;5;07/06/2023;[Kubernetes, TensorFlow, React]
176;Python Developer;CloudNine;#D0;99000;354000;5;22/04/2023;[PyTorch, Python, TensorFlow]
455;Machine Learning Engineer;AIVentures;!0=:B-5B5@1C@3;110000;121000;9;25/08/2023;[Kotlin, Swift, R]
18;UI/UX Designer;GameDev;:0B5@8=1C@3;138000;152000;2;28/11/2023;[Kotlin, TensorFlow]
72;Data Analyst;GameDev;!0=:B-5B5@1C@3;138000;152000;4;26/09/2023;[SQL, PyTorch]
96;Backend Developer;CloudNine;<A:;106000;122000;0;10/02/2023;[Kubernetes, PHP]
761;Backend Developer;ITSolutions;#D0;80000;;0;16/06/2023;[R, Java, Go]
376;QA Engineer;GameDev;<A:;179000;269000;4;15/08/2023;[TensorFlow, Go, Swift, Scala, C#]
198;Data Analyst;MobileTech;#D0;120000;140000;2;13/04/2023;[Scala, Node.js, React]
423;Frontend Developer;GameDev;:0B5@8=1C@3;123000;142000;4;21/12/2023;[Ruby, Git, Swift, JavaScript]
549;Data Analyst;DataMasters;86=89 >23>@>4;108000;127000;2;06/03/2023;[JavaScript, C#]
75;Java Engineer;DataMasters;>2>A818@A:;171000;357000;6;29/08/2023;[Kotlin, React, C++, PHP]
732;QA Engineer;AIVentures; >AB>2-=0->=C;155000;;1;27/04/2023;[Git, Java, C++]
20;Data Analyst;TechCorp;!0=:B-5B5@1C@3;128000;141000;0;04/12/2023;[TensorFlow, Python, Docker, Scala]
405;Frontend Developer;GameDev;!0<0@0;134000;239000;8;22/06/2023;[SQL, React]
584;Java Engineer;DataMasters;:0B5@8=1C@3;101000;116000;3;04/06/2023;[C++, Scala]
186;Data Analyst;MobileTech;<A:;97000;194000;4;19/04/2023;[Java, Git, Go]
326;Machine Learning Engineer;FinTech; >AB>2-=0->=C;152000;327000;3;14/11/2023;[PyTorch, Ruby, Swift, Java]
94;DevOps Engineer;CloudNine; >AB>2-=0->=C;125000;142000;6;29/12/2023;[R, Go, SQL, Java, Node.js]
264;DevOps Engineer;DataMasters;86=89 >23>@>4;126000;143000;4;03/12/2023;[Kubernetes, Docker, Git, TensorFlow, PyTorch]
454;Data Analyst;ITSolutions;<A:;61000;172000;7;27/06/2023;[Git, Scala]
389;Machine Learning Engineer;DataMasters;>A:20;113000;125000;6;09/07/2023;[Git, C#, Scala]
471;Data Analyst;ITSolutions;!0=:B-5B5@1C@3;101000;112000;5;02/03/2023;[R, PyTorch]
191;Python Developer;CloudNine;!0=:B-5B5@1C@3;98000;303000;5;30/03/2023;[PyTorch, Swift, Git]
542;Frontend Developer;GameDev;#D0;146000;160000;2;03/07/2023;[JavaScript, PHP, TensorFlow]
508;QA Engineer;FinTech;>2>A818@A:;80000;159000;1;06/08/2023;[Java, Git, Python]
196;QA Engineer;FinTech;070=L;122000;138000;3;30/12/2023;[PHP, Kotlin, Ruby, C++, Java]
38;Java Engineer;ITSolutions;070=L;111000;128000;3;31/07/2023;[PyTorch, Docker, Swift]
565;QA Engineer;CloudNine;<A:;59000;309000;5;22/03/2023;[React, Scala, Go]
272;Data Analyst;GameDev;#D0;59000;340000;4;13/02/2023;[PyTorch, SQL, React]
50;Data Analyst;AIVentures;>2>A818@A:;63000;190000;7;13/08/2023;[C++, Ruby, Scala, Swift, PyTorch]
290;Python Developer;MobileTech;<A:;143000;158000;6;08/06/2023;[C++, Kotlin, JavaScript]
533;Backend Developer;CloudNine;:0B5@8=1C@3;141000;156000;5;17/06/2023;[C#, Scala]
682;Machine Learning Engineer;FinTech;>A:20;135000;;8;14/09/2023;[R, Kotlin, React]
360;QA Engineer;CyberSec;:0B5@8=1C@3;160000;254000;4;19/01/2023;[JavaScript, Java, Docker, Git]
314;Java Engineer;CyberSec;>A:20;115000;266000;3;20/08/2023;[TensorFlow, Git, PyTorch, PHP]
102;DevOps Engineer;ITSolutions;070=L;139000;159000;1;26/11/2023;[Go, C#, React, Ruby]
304;Frontend Developer;DataMasters;#D0;64000;163000;5;27/10/2023;[Kotlin, PyTorch]
594;Product Manager;TechCorp;!0<0@0;139000;155000;0;05/06/2023;[React, Kubernetes]
399;Python Developer;ITSolutions; >AB>2-=0->=C;69000;81000;2;22/12/2023;[SQL, React, Scala, Java]
438;Python Developer;MobileTech;070=L;136000;151000;2;13/08/2023;[Docker, Ruby]
357;Data Analyst;CloudNine;86=89 >23>@>4;167000;392000;2;03/09/2023;[Kotlin, PyTorch, TensorFlow, Python, Java]
267;Java Engineer;TechCorp;!0<0@0;113000;128000;1;16/01/2023;[React, C#, Kubernetes, Ruby]
361;Product Manager;TechCorp;>A:20;177000;477000;3;20/05/2023;[Docker, Scala]
340;DevOps Engineer;CloudNine;>A:20;131000;151000;3;04/07/2023;[Kubernetes, Docker, R, TensorFlow]
441;UI/UX Designer;WebStudio;!0=:B-5B5@1C@3;145000;156000;3;05/04/2023;[Ruby, Go]
284;Frontend Developer;GameDev;>2>A818@A:;172000;425000;4;07/11/2023;[C#, PyTorch, Kotlin, C++]
404;UI/UX Designer;AIVentures;>A:20;138000;414000;3;07/03/2023;[C++, Java, JavaScript, Node.js, Scala]
332;Data Analyst;CyberSec;>A:20;132000;146000;3;19/09/2023;[C#, Scala, JavaScript, R, Kotlin]
295;Data Analyst;CyberSec;>A:20;135000;146000;3;22/01/2023;[Kotlin, Git, React]
534;Data Analyst;CloudNine;#D0;190000;453000;2;20/11/2023;[Scala, Node.js]
685;Product Manager;FinTech;<A:;;148000;1;25/07/2023;[PHP, C++, PyTorch, Java]
142;DevOps Engineer;TechCorp;#D0;139000;153000;1;29/05/2023;[PyTorch, React, C#, Java, Ruby]
277;Machine Learning Engineer;WebStudio;<A:;95000;158000;5;23/08/2023;[C++, Kubernetes]
552;Frontend Developer;MobileTech;070=L;146000;161000;3;29/07/2023;[PyTorch, Kotlin, Scala]
262;Product Manager;GameDev;86=89 >23>@>4;120000;139000;3;30/04/2023;[C++, JavaScript, Python, Go, SQL]
370;Product Manager;FinTech;86=89 >23>@>4;150000;246000;3;12/06/2023;[C++, Ruby, SQL, Docker, PyTorch]
211;Java Engineer;GameDev;070=L;64000;134000;2;02/02/2023;[Kubernetes, Docker, Java, Ruby]
119;Product Manager;CloudNine;:0B5@8=1C@3;189000;456000;5;05/04/2023;[Go, Python]
509;Frontend Developer;MobileTech;!0=:B-5B5@1C@3;105000;125000;5;30/07/2023;[R, Kubernetes, Node.js, PHP]
560;UI/UX Designer;GameDev;:0B5@8=1C@3;148000;167000;5;17/06/2023;[Ruby, TensorFlow, Swift, R]
514;UI/UX Designer;ITSolutions;#D0;144000;162000;5;13/12/2023;[Python, Java, Swift, Kubernetes, PyTorch]
380;Java Engineer;TechCorp;!0<0@0;119000;139000;2;21/03/2023;[Kotlin, R, Docker]
159;Backend Developer;MobileTech;<A:;188000;286000;0;17/02/2023;[Swift, React, Go]
112;Machine Learning Engineer;FinTech;>A:20;132000;145000;4;22/06/2023;[R, Python, SQL, Java, Go]
355;UI/UX Designer;CyberSec;>A:20;68000;338000;5;06/08/2023;[Kotlin, Scala, Go]
670;Backend Developer;TechCorp;:0B5@8=1C@3;196000;;3;22/05/2023;[React, R]
84;QA Engineer;GameDev;>2>A818@A:;108000;121000;4;30/11/2023;[Java, Kotlin]
510;Data Analyst;WebStudio;#D0;117000;176000;4;11/10/2023;[Git, PHP, Scala, Docker]
52;UI/UX Designer;DataMasters; >AB>2-=0->=C;113000;129000;4;18/10/2023;[Java, Go, React, C++, Node.js]
28;QA Engineer;MobileTech;070=L;109000;126000;2;05/04/2023;[Node.js, Kotlin, React, Git]
575;Data Analyst;FinTech;:0B5@8=1C@3;110000;122000;3;02/10/2023;[Java, JavaScript]
40;Machine Learning Engineer;ITSolutions;86=89 >23>@>4;189000;272000;3;04/09/2023;[C++, PyTorch, C#]
182;UI/UX Designer;FinTech;!0=:B-5B5@1C@3;189000;386000;4;21/05/2023;[JavaScript, PHP]
431;DevOps Engineer;DataMasters;>A:20;120000;171000;2;21/11/2023;[Kotlin, Python, JavaScript]
583;Product Manager;CloudNine;070=L;188000;355000;4;05/12/2023;[C#, JavaScript, TensorFlow]
150;Product Manager;DataMasters;<A:;79000;286000;7;14/03/2023;[JavaScript, React, Python]
410;Backend Developer;TechCorp;!0<0@0;129000;139000;4;06/03/2023;[Kotlin, PyTorch, Ruby, Node.js, Git]
257;DevOps Engineer;ITSolutions;>2>A818@A:;111000;124000;5;13/06/2023;[Ruby, C++, Java, Kubernetes, JavaScript]
582;Product Manager;GameDev; >AB>2-=0->=C;113000;126000;2;01/01/2023;[C#, Go, React, Scala]
15;Python Developer;CloudNine; >AB>2-=0->=C;170000;450000;5;12/06/2023;[C#, Go, Swift, R]
691;UI/UX Designer;CyberSec;070=L;;454000;7;24/09/2023;[Python, C++, TensorFlow, Node.js]
432;UI/UX Designer;AIVentures;<A:;119000;273000;3;27/11/2023;[Swift, PyTorch, C++, Node.js]
208;Python Developer;MobileTech;!0=:B-5B5@1C@3;138000;379000;3;30/09/2023;[Kubernetes, Kotlin, C++]
570;Machine Learning Engineer;CloudNine;>A:20;80000;197000;4;21/04/2023;[Node.js, Swift]
305;Data Analyst;WebStudio;>A:20;131000;143000;3;17/04/2023;[PyTorch, Node.js, SQL]
123;QA Engineer;MobileTech;070=L;145000;159000;3;15/09/2023;[C++, PyTorch]
561;Python Developer;GameDev;070=L;135000;145000;4;10/06/2023;[PyTorch, Kotlin, Kubernetes]
403;DevOps Engineer;DataMasters; >AB>2-=0->=C;186000;413000;5;16/12/2023;[Kubernetes, JavaScript, Java]
337;Machine Learning Engineer;CyberSec; >AB>2-=0->=C;114000;182000;3;08/11/2023;[SQL, Swift]
56;Product Manager;FinTech;86=89 >23>@>4;136000;147000;0;17/10/2023;[Git, Swift, Scala, Node.js]
475;Frontend Developer;MobileTech;86=89 >23>@>4;76000;372000;3;21/10/2023;[Java, C++, Scala, SQL, Ruby]
282;UI/UX Designer;FinTech;:0B5@8=1C@3;131000;144000;4;01/11/2023;[PyTorch, JavaScript, Kotlin]
344;QA Engineer;TechCorp;>2>A818@A:;130000;385000;8;08/01/2023;[Python, TensorFlow, React]
213;Backend Developer;TechCorp;!0=:B-5B5@1C@3;70000;322000;5;01/12/2023;[TensorFlow, Kubernetes]
468;Machine Learning Engineer;WebStudio;86=89 >23>@>4;113000;208000;4;25/04/2023;[Git, Go, Kotlin, SQL]
145;Java Engineer;CyberSec;:0B5@8=1C@3;81000;144000;3;07/11/2023;[JavaScript, Docker]
130;QA Engineer;MobileTech;!0=:B-5B5@1C@3;129000;145000;4;07/08/2023;[Swift, Go, Node.js, JavaScript, C++]
449;Frontend Developer;CloudNine; >AB>2-=0->=C;115000;126000;2;27/10/2023;[TensorFlow, Python, R, C++]
188;DevOps Engineer;MobileTech;<A:;121000;134000;2;31/01/2023;[Node.js, Docker, Java]
349;Machine Learning Engineer;MobileTech;86=89 >23>@>4;127000;147000;3;22/07/2023;[Go, SQL]
32;Data Analyst;WebStudio;!0<0@0;116000;127000;2;20/01/2023;[Java, SQL]
251;Data Analyst;GameDev;>2>A818@A:;116000;126000;0;13/03/2023;[React, Swift, Java]
44;Python Developer;TechCorp;86=89 >23>@>4;131000;144000;0;09/06/2023;[Ruby, React, Python, Git]
595;Data Analyst;MobileTech;070=L;110000;130000;6;12/06/2023;[Swift, SQL, JavaScript]
214;QA Engineer;DataMasters;>2>A818@A:;102000;117000;7;12/05/2023;[React, Java, C#]
407;Machine Learning Engineer;WebStudio;:0B5@8=1C@3;147000;308000;3;17/05/2023;[Kubernetes, PyTorch, Scala]
263;Frontend Developer;TechCorp;!0=:B-5B5@1C@3;75000;98000;2;12/01/2023;[TensorFlow, JavaScript, Scala, Docker, PyTorch]
30;Machine Learning Engineer;WebStudio;:0B5@8=1C@3;159000;410000;4;19/05/2023;[Ruby, PyTorch, Kubernetes, R]
19;QA Engineer;DataMasters;<A:;138000;152000;6;03/04/2023;[Git, React]
637;Product Manager;AIVentures;>A:20;;348000;1;21/09/2023;[Scala, TensorFlow, React, Ruby]
796;Frontend Developer;ITSolutions;<A:;;322000;6;24/04/2023;[TensorFlow, SQL, Git, Swift, Python]
228;DevOps Engineer;CyberSec;86=89 >23>@>4;131000;149000;7;15/09/2023;[R, Java, Scala, PHP, PyTorch]
107;Frontend Developer;TechCorp;86=89 >23>@>4;69000;336000;3;01/02/2023;[React, Python, Ruby]
787;Data Analyst;ITSolutions;!0<0@0;;377000;6;03/06/2023;[R, Ruby]
521;Machine Learning Engineer;FinTech; >AB>2-=0->=C;114000;133000;2;08/03/2023;[R, Kotlin]
230;UI/UX Designer;ITSolutions;86=89 >23>@>4;132000;221000;5;10/08/2023;[PyTorch, React]
187;UI/UX Designer;FinTech;070=L;136000;373000;5;25/01/2023;[Swift, PHP, Kotlin, Go, Docker]
325;QA Engineer;DataMasters;86=89 >23>@>4;175000;445000;4;18/12/2023;[SQL, JavaScript]
248;Product Manager;MobileTech;!0=:B-5B5@1C@3;62000;130000;2;31/10/2023;[C#, Java, TensorFlow]
273;Python Developer;DataMasters;86=89 >23>@>4;118000;133000;3;20/10/2023;[Go, Kubernetes, Git]
589;Backend Developer;ITSolutions;>2>A818@A:;173000;245000;0;14/11/2023;[Python, Git]
207;Java Engineer;ITSolutions; >AB>2-=0->=C;138000;166000;3;25/06/2023;[JavaScript, Swift, PHP, C#, TensorFlow]
154;Product Manager;GameDev;>2>A818@A:;100000;115000;2;06/02/2023;[Kubernetes, Go, R, Swift, Python]
101;Data Analyst;MobileTech; >AB>2-=0->=C;126000;138000;5;11/08/2023;[R, PyTorch]
61;Backend Developer;ITSolutions;!0<0@0;142000;152000;4;14/04/2023;[Java, SQL]
4;Backend Developer;DataMasters;>A:20;101000;121000;2;15/06/2023;[JavaScript, TensorFlow, Python, Kubernetes]
171;Product Manager;DataMasters;#D0;100000;120000;1;12/10/2023;[R, Docker, Git, JavaScript]
580;Machine Learning Engineer;MobileTech; >AB>2-=0->=C;116000;135000;3;04/11/2023;[Kubernetes, React, Python]
173;Python Developer;WebStudio;>A:20;98000;152000;2;14/01/2023;[Git, Docker, Python, Kotlin, Ruby]
317;Product Manager;DataMasters;>2>A818@A:;183000;451000;3;15/02/2023;[C#, Kotlin, React, Node.js]
504;Product Manager;ITSolutions;:0B5@8=1C@3;167000;232000;3;12/09/2023;[TensorFlow, JavaScript, PHP]
165;Java Engineer;CyberSec;>A:20;130000;141000;4;06/11/2023;[PyTorch, SQL]
104;Machine Learning Engineer;CyberSec;<A:;140000;256000;4;21/04/2023;[Python, Node.js, C#, R]
411;DevOps Engineer;TechCorp;#D0;92000;256000;7;28/07/2023;[PHP, Java, Go]
301;Frontend Developer;DataMasters;070=L;143000;154000;2;21/01/2023;[Kubernetes, Node.js, Docker]
23;UI/UX Designer;FinTech;:0B5@8=1C@3;194000;216000;4;11/01/2023;[Python, SQL, PHP]
49;Frontend Developer;FinTech;070=L;116000;297000;3;31/01/2023;[Ruby, Docker, Git, Kubernetes]
426;DevOps Engineer;FinTech;#D0;110000;334000;3;20/06/2023;[Kotlin, Python, Go, Java]
152;QA Engineer;CyberSec;:0B5@8=1C@3;60000;104000;3;18/09/2023;[Kubernetes, PyTorch]
428;Machine Learning Engineer;AIVentures;>A:20;142000;155000;8;05/02/2023;[Git, PHP, Java]
253;Python Developer;DataMasters;86=89 >23>@>4;84000;116000;3;28/10/2023;[SQL, R, Kubernetes, Git, Swift]
238;QA Engineer;GameDev;<A:;126000;139000;7;23/04/2023;[Ruby, Scala]
289;Machine Learning Engineer;MobileTech;>2>A818@A:;110000;128000;5;12/09/2023;[Git, TensorFlow]
92;Machine Learning Engineer;GameDev;#D0;117000;134000;7;06/08/2023;[PHP, R]
516;QA Engineer;FinTech;<A:;92000;255000;6;25/01/2023;[C#, Ruby]
551;Machine Learning Engineer;DataMasters;>2>A818@A:;104000;116000;8;18/12/2023;[Java, Swift, React, Git]
303;Product Manager;CyberSec;>2>A818@A:;111000;381000;5;26/08/2023;[Git, Kubernetes, React]
686;Machine Learning Engineer;AIVentures;>A:20;;105000;2;15/03/2023;[Ruby, Git, React, Go]
537;UI/UX Designer;CyberSec; >AB>2-=0->=C;105000;121000;2;14/07/2023;[TensorFlow, React, JavaScript, Kotlin, Kubernetes]
436;DevOps Engineer;WebStudio;!0<0@0;136000;148000;2;15/02/2023;[PHP, C#, Swift, React]
608;Java Engineer;TechCorp;<A:;144000;;8;21/09/2023;[Ruby, React, C#]
54;Python Developer;GameDev;:0B5@8=1C@3;126000;146000;5;02/02/2023;[SQL, TensorFlow, Swift, C#]
566;DevOps Engineer;DataMasters;<A:;144000;157000;5;19/09/2023;[Node.js, Ruby, Java, Python, C#]
621;Python Developer;WebStudio;:0B5@8=1C@3;69000;;5;04/11/2023;[Node.js, PyTorch, Swift, PHP]
445;Data Analyst;MobileTech;!0<0@0;102000;113000;4;25/12/2023;[PHP, Go, C#, Kotlin, Python]
245;Machine Learning Engineer;GameDev;070=L;110000;361000;2;09/12/2023;[C#, Scala, Swift, Node.js]
373;Java Engineer;CyberSec;!0=:B-5B5@1C@3;125000;135000;2;10/01/2023;[R, Docker, React]
490;Python Developer;TechCorp;070=L;105000;115000;5;12/07/2023;[C#, R, JavaScript]
456;Product Manager;CloudNine;#D0;138000;209000;2;29/03/2023;[Kubernetes, Java, C#]
105;QA Engineer;CloudNine;>2>A818@A:;139000;152000;8;17/04/2023;[SQL, Python, Kubernetes]
513;QA Engineer;GameDev;>A:20;135000;409000;3;08/06/2023;[C++, Scala]
128;Python Developer;MobileTech;!0=:B-5B5@1C@3;72000;307000;8;02/11/2023;[Python, Git]
539;QA Engineer;CloudNine;:0B5@8=1C@3;106000;122000;5;03/07/2023;[Kotlin, Python, Node.js, R]
375;UI/UX Designer;WebStudio;#D0;100000;110000;2;30/08/2023;[C#, PHP]
275;Data Analyst;TechCorp;!0<0@0;132000;148000;4;12/05/2023;[JavaScript, PHP, Swift, Kotlin, Python]
356;Frontend Developer;DataMasters;>A:20;136000;146000;5;19/04/2023;[SQL, Java, Git, Python, Scala]
78;DevOps Engineer;TechCorp;:0B5@8=1C@3;125000;199000;4;01/06/2023;[C++, R]
366;Java Engineer;GameDev;:0B5@8=1C@3;85000;192000;5;30/12/2023;[Java, Docker]
234;Product Manager;GameDev;!0<0@0;124000;135000;2;26/01/2023;[C++, JavaScript, TensorFlow, PHP, Ruby]
139;Python Developer;CloudNine;#D0;199000;429000;3;14/08/2023;[C#, React, PHP, JavaScript]
457;QA Engineer;MobileTech;:0B5@8=1C@3;100000;119000;1;13/09/2023;[Go, Kotlin, TensorFlow, Java, SQL]
745;Frontend Developer;AIVentures;:0B5@8=1C@3;85000;;8;24/10/2023;[Swift, Python]
530;UI/UX Designer;TechCorp;!0<0@0;140000;160000;3;17/05/2023;[Go, Kotlin, JavaScript]
146;DevOps Engineer;ITSolutions; >AB>2-=0->=C;192000;255000;2;12/02/2023;[PyTorch, React, Java, JavaScript]
274;UI/UX Designer;DataMasters;86=89 >23>@>4;125000;135000;3;10/05/2023;[Ruby, TensorFlow, PHP, PyTorch, R]
334;Data Analyst;ITSolutions;>2>A818@A:;118000;133000;2;20/07/2023;[PyTorch, Git, Kotlin, TensorFlow, Kubernetes]
37;UI/UX Designer;MobileTech;:0B5@8=1C@3;105000;123000;6;29/05/2023;[PyTorch, Ruby, SQL, Go]
209;DevOps Engineer;AIVentures;070=L;76000;178000;2;18/11/2023;[Python, R, C#]
108;Frontend Developer;DataMasters;!0=:B-5B5@1C@3;102000;280000;2;17/07/2023;[Swift, Git, TensorFlow, Kotlin]
540;DevOps Engineer;AIVentures;070=L;82000;118000;2;09/03/2023;[Scala, TensorFlow, PHP]
236;DevOps Engineer;CloudNine;!0<0@0;147000;167000;3;27/01/2023;[Docker, Ruby, SQL, C++, Kubernetes]
250;Python Developer;MobileTech;86=89 >23>@>4;119000;130000;3;17/12/2023;[Kubernetes, R, SQL, React, C#]
184;QA Engineer;WebStudio;>2>A818@A:;131000;142000;9;19/08/2023;[TensorFlow, Git, Python, JavaScript]
466;Java Engineer;TechCorp;070=L;149000;161000;2;19/01/2023;[R, PHP, JavaScript, SQL, Swift]
664;DevOps Engineer;FinTech;86=89 >23>@>4;187000;;9;24/12/2023;[C#, TensorFlow, Java]
240;UI/UX Designer;CyberSec;<A:;120000;313000;8;19/05/2023;[Python, Go, Kubernetes, Node.js]
412;UI/UX Designer;WebStudio;#D0;100000;117000;3;22/09/2023;[C++, React, PyTorch, Kubernetes, PHP]
769;Frontend Developer;DataMasters;070=L;;240000;2;23/12/2023;[C#, React]
13;Machine Learning Engineer;AIVentures;070=L;171000;416000;2;22/05/2023;[C#, R]
115;Frontend Developer;WebStudio;86=89 >23>@>4;117000;135000;5;22/10/2023;[C++, Kotlin, SQL, Scala, Go]
65;Java Engineer;MobileTech;!0<0@0;106000;352000;2;04/03/2023;[Go, PyTorch, Git]
244;Frontend Developer;FinTech;070=L;135000;154000;9;19/04/2023;[Kotlin, C#, Git, Node.js, PyTorch]
328;Java Engineer;TechCorp;070=L;128000;151000;2;09/10/2023;[React, PyTorch]
506;Java Engineer;GameDev;<A:;147000;412000;3;05/05/2023;[JavaScript, Scala, Go, TensorFlow]
265;Data Analyst;WebStudio;!0<0@0;146000;161000;4;28/06/2023;[TensorFlow, Scala, Java, Docker]
31;Machine Learning Engineer;AIVentures;070=L;63000;123000;4;04/02/2023;[TensorFlow, JavaScript]
141;Machine Learning Engineer;AIVentures;070=L;124000;138000;4;09/01/2023;[JavaScript, React]
461;Product Manager;WebStudio;070=L;122000;136000;5;31/05/2023;[Java, C++]
512;Python Developer;GameDev;:0B5@8=1C@3;119000;276000;4;30/04/2023;[Git, React, Java, R]
482;UI/UX Designer;FinTech;!0=:B-5B5@1C@3;89000;221000;8;09/10/2023;[C++, Swift, Java]
628;Backend Developer;TechCorp;>2>A818@A:;;189000;4;12/12/2023;[JavaScript, Kotlin, PHP, PyTorch]
158;Python Developer;TechCorp;>A:20;113000;133000;5;26/04/2023;[TensorFlow, C++, SQL]
316;Python Developer;WebStudio;>A:20;111000;125000;3;17/03/2023;[R, Ruby, Node.js]
623;QA Engineer;MobileTech;>2>A818@A:;;307000;0;28/01/2023;[Java, PyTorch, Kotlin]
604;Product Manager;AIVentures;>A:20;134000;;0;18/02/2023;[Kubernetes, Ruby]
302;UI/UX Designer;GameDev;#D0;130000;140000;2;06/10/2023;[C#, PHP]
400;UI/UX Designer;MobileTech;070=L;119000;256000;7;16/12/2023;[React, C#, Kubernetes, Scala, Go]
495;Frontend Developer;GameDev;070=L;116000;351000;4;06/03/2023;[Kotlin, Git]
287;Product Manager;GameDev; >AB>2-=0->=C;130000;276000;4;18/06/2023;[C#, Go]
260;Machine Learning Engineer;ITSolutions;!0<0@0;167000;185000;3;11/01/2023;[TensorFlow, PyTorch, Docker]
420;DevOps Engineer;CloudNine; >AB>2-=0->=C;183000;365000;2;02/11/2023;[React, Scala, JavaScript]
437;DevOps Engineer;DataMasters;>2>A818@A:;118000;136000;3;22/12/2023;[PHP, Python, C++]
339;Data Analyst;ITSolutions;>A:20;178000;469000;3;27/08/2023;[Git, Ruby]
241;Java Engineer;CyberSec;#D0;105000;123000;2;01/07/2023;[Ruby, Kotlin, Go]
364;Machine Learning Engineer;MobileTech;070=L;122000;138000;0;03/02/2023;[Git, TensorFlow, SQL, Ruby]
622;UI/UX Designer;FinTech;!0<0@0;;239000;2;05/11/2023;[Ruby, PyTorch, Node.js, Scala, Kubernetes]
472;UI/UX Designer;GameDev;>2>A818@A:;170000;295000;4;29/06/2023;[Kotlin, Docker]
83;Machine Learning Engineer;CloudNine;!0<0@0;186000;301000;4;18/10/2023;[PHP, Node.js, Java, R, C++]
88;DevOps Engineer;CyberSec;<A:;111000;128000;6;28/04/2023;[Go, Python]
215;Java Engineer;DataMasters; >AB>2-=0->=C;118000;134000;3;24/10/2023;[R, C++, Ruby, Swift, JavaScript]
577;Python Developer;AIVentures;86=89 >23>@>4;140000;160000;1;26/11/2023;[Kotlin, Git, Python, C#, JavaScript]
557;Backend Developer;TechCorp;>2>A818@A:;135000;194000;5;16/11/2023;[Swift, Python, TensorFlow, Java, React]
192;Frontend Developer;GameDev;!0<0@0;120000;131000;5;22/08/2023;[Node.js, JavaScript]
333;Python Developer;GameDev;>2>A818@A:;139000;152000;4;24/04/2023;[Swift, Scala, C++, PHP, Node.js]
216;Python Developer;WebStudio;!0<0@0;136000;153000;3;07/05/2023;[Kotlin, Docker]
229;Java Engineer;CloudNine;:0B5@8=1C@3;191000;461000;1;04/02/2023;[Node.js, Git, Ruby, C#, TensorFlow]
242;Python Developer;CyberSec;!0<0@0;101000;116000;4;07/02/2023;[Go, SQL, TensorFlow]
547;UI/UX Designer;TechCorp;!0<0@0;147000;410000;2;25/07/2023;[Java, Docker, Git]
134;Machine Learning Engineer;DataMasters;#D0;105000;124000;3;26/03/2023;[Swift, C++, PyTorch]
550;Data Analyst;CloudNine; >AB>2-=0->=C;119000;132000;2;08/09/2023;[Kubernetes, React, Scala, Kotlin]
226;DevOps Engineer;MobileTech;<A:;134000;255000;4;29/06/2023;[Kotlin, Node.js]
493;Python Developer;GameDev;<A:;126000;262000;2;19/08/2023;[Node.js, Docker, Kubernetes, Python]
85;Machine Learning Engineer;CloudNine;!0=:B-5B5@1C@3;133000;148000;7;09/09/2023;[React, Kotlin, Python, Kubernetes]
379;DevOps Engineer;TechCorp;070=L;106000;116000;5;18/07/2023;[TensorFlow, JavaScript, Node.js, Scala, Swift]
168;QA Engineer;CloudNine;#D0;173000;349000;1;10/09/2023;[Node.js, Scala, PyTorch, Python]
